trnsx id;account_id;user_id;account_kind;date;random uhrzeit;day;transaction;reference;External account number; balance ;
100064;2001;1001;current account; 2024-09-09 07:58;07:58:44;Mo;-11.99;Papeterie pencil shop;DE99 3397 2911 5673 781 99;-274.71;
100063;2001;1001;current account; 2024-09-06 04:17;04:17:38;Fr;-75.00;savings plan;;-262.72;
100062;2001;1001;current account; 2024-09-05 21:19;21:19:01;Do;-250.00;savings plan;;-187.72;
100061;2001;1001;current account; 2024-09-04 08:23;08:23:17;Mi;76.51;moneyCollector: your friends reached your goal;DE99 4564 7578 4246 5951 99;62.28;
100060;2001;1001;current account; 2024-09-03 22:40;22:40:03;Di;85.39;MyPart of the Rent;DE99 2212 2305 4785 9692 99;-14.24;
100059;2001;1001;current account; 2024-09-02 13:09;13:09:35;Mo;-1200.00;monthly rent;DE99 2493 7517 5531 7311 99;-99.63;
100058;2001;1001;current account; 2024-08-31 01:57;03:05:26;Sa;-4.99;ALDii market;DE99 1024 4119 5233 1047 99;1100.37;
100057;2001;1001;current account; 2024-08-30 22:57;17:29:22;Fr;19.58;For the kebab yesterday;DE99 6561 9919 3860 3275 99;1105.36;
100056;2001;1001;current account; 2024-08-30 19:57;21:01:20;Fr;-110.87;supermarket depitpayment;DE99 2552 6045 484 5757 99;1085.79;
100055;2001;1001;current account; 2024-08-30 16:57;20:53:44;Fr;-58.10;supermarket depitpayment;DE99 7877 2191 1533 9792 99;1196.66;
100054;2001;1001;current account; 2024-08-30 13:57;11:26:18;Fr;-65.32;ARMAZONE prime order;DE99 613 8013 6042 6898 99;1254.76;
100053;2001;1001;current account; 2024-08-30 10:57;06:16:12;Fr;73.93;MyPart of the Rent;DE99 3523 606 4021 6610 99;1320.08;
100052;2001;1001;current account; 2024-08-30 07:57;07:57:27;Fr;66.08;tax return;DE99 8310 1817 7408 2894 99;1246.15;
100051;2001;1001;current account; 2024-08-29 23:33;23:33:16;Do;-35.80;supermarket depitpayment;DE99 1990 6804 9959 8123 99;1180.07;
100050;2001;1001;current account; 2024-08-28 07:47;07:47:22;Mi;-92.01;cinema xtraMovie;DE99 8419 8916 4656 8003 99;1215.86;
100049;2001;1001;current account; 2024-08-27 23:34;23:34:21;Di;83.25;moneyCollector: your friends reached your goal;DE99 8743 3122 1414 2932 99;1307.87;
100048;2001;1001;current account; 2024-08-23 22:36;22:36:47;Fr;-184.31;LIDDL lohnt sich supermarket;DE99 5235 3206 4215 5292 99;1224.63;
100047;2001;1001;current account; 2024-08-21 08:53;16:55:32;Mi;104.14;MyPart of the Rent;DE99 7235 3164 9976 8297 99;1408.94;
100046;2001;1001;current account; 2024-08-21 05:53;06:00:16;Mi;-56.32;LIDDL lohnt sich supermarket;DE99 6962 9188 3131 9521 99;1304.8;
100045;2001;1001;current account; 2024-08-21 02:53;06:06:09;Mi;-73.61;LIDDL lohnt sich supermarket;DE99 8173 2597 3106 1421 99;1361.12;
100044;2001;1001;current account; 2024-08-20 23:53;23:53:42;Di;-904.20;MONTHLY BALANCING CREDIT CARD;;1434.73;
100043;2001;1001;current account; 2024-08-16 22:33;22:33:28;Fr;2500.00;salary coolCompany;DE99 5089 1254 8887 4090 99;2338.93;
100042;2001;1001;current account; 2024-08-14 12:21;12:21:32;Mi;49.30;moneyCollector: your friends reached your goal;DE99 9787 6407 8258 1912 99;-161.07;
100041;2001;1001;current account; 2024-08-12 06:56;06:56:34;Mo;-75.00;savings plan;;-210.37;
100040;2001;1001;current account; 2024-08-08 06:19;06:19:01;Do;-250.00;savings plan;;-135.37;
100039;2001;1001;current account; 2024-08-06 01:39;01:39:20;Di;-1200.00;monthly rent;DE99 8350 5536 5230 513 99;114.63;
100038;2001;1001;current account; 2024-08-05 06:43;06:43:08;Mo;-62.71;supermarket depitpayment;DE99 3873 6149 6423 1526 99;1314.63;
100037;2001;1001;current account; 2024-08-02 12:25;12:25:17;Fr;-174.34;cinema xtraMovie;DE99 1391 523 7894 5309 99;1377.34;
100036;2001;1001;current account; 2024-08-01 01:29;13:30:03;Do;56.09;ticket reimbursement;DE99 1508 3663 1044 4793 99;1551.68;
100035;2001;1001;current account; 2024-07-31 22:29;02:17:43;Mi;22.23;Museum ticket;DE99 8423 1142 8293 2177 99;1495.58;
100034;2001;1001;current account; 2024-07-31 19:29;19:29:46;Mi;53.73;tax return;DE99 4696 7292 5703 7320 99;1473.35;
100033;2001;1001;current account; 2024-07-30 13:33;13:33:57;Di;35.46;ticket reimbursement;DE99 8220 3915 8077 4191 99;1419.62;
100032;2001;1001;current account; 2024-07-29 01:05;01:05:35;Mo;-68.26;How I met your schnitzel;DE99 5099 9599 1120 1863 99;1384.16;
100031;2001;1001;current account; 2024-07-26 14:51;14:51:20;Fr;1.96;Museum ticket;DE99 7560 4190 4932 8649 99;1452.42;
100030;2001;1001;current account; 2024-07-25 15:26;02:25:00;Do;16.39;Thank you for the coffee;DE99 9434 6858 2596 150 99;1450.46;
100029;2001;1001;current account; 2024-07-25 12:26;00:47:50;Do;-29.61;ALDii market;DE99 4236 6383 6716 8618 99;1434.07;
100028;2001;1001;current account; 2024-07-25 09:26;22:40:08;Do;-64.45;supermarket depitpayment;DE99 7954 8013 1684 5878 99;1463.68;
100027;2001;1001;current account; 2024-07-25 06:26;08:19:33;Do;-153.06;Restaurant hungry;DE99 5502 5502 3084 8254 99;1528.13;
100026;2001;1001;current account; 2024-07-25 03:26;00:47:48;Do;-26.32;Nextslix streaming subscription;DE99 1784 7608 3024 5906 99;1681.2;
100025;2001;1001;current account; 2024-07-25 00:26;20:17:29;Do;24.15;Thank you for the coffee;DE99 6616 9980 6771 9032 99;1707.52;
100024;2001;1001;current account; 2024-07-24 21:26;03:50:47;Mi;-63.28;supermarket depitpayment;DE99 718 4297 7875 9882 99;1683.37;
100023;2001;1001;current account; 2024-07-24 18:26;18:26:37;Mi;7.28;TaxiMoney - thanks;DE99 3386 973 5636 1718 99;1746.65;
100022;2001;1001;current account; 2024-07-23 22:24;00:20:22;Di;-152.43;Restaurant Two and a half burgers;DE99 5434 9418 9905 7241 99;1739.37;
100021;2001;1001;current account; 2024-07-23 19:24;02:49:46;Di;-4.98;house to golden 'M';DE99 6952 6735 4841 6006 99;1891.8;
100020;2001;1001;current account; 2024-07-23 16:24;10:47:20;Di;-142.22;house of the golden Burger;DE99 8538 9913 4866 777 99;1896.78;
100019;2001;1001;current account; 2024-07-23 13:24;15:50:10;Di;-0.72;snack'n'Coffee;DE99 6773 9209 1621 5631 99;2039;
100018;2001;1001;current account; 2024-07-23 10:24;10:24:20;Di;80.86;moneyCollector: your friends reached your goal;DE99 1332 746 7209 678 99;2039.72;
100017;2001;1001;current account; 2024-07-22 04:57;04:57:40;Mo;51.43;ticket reimbursement;DE99 7731 6626 8476 6289 99;1958.86;
100016;2001;1001;current account; 2024-07-19 07:18;07:18:59;Fr;-536.13;MONTHLY BALANCING CREDIT CARD;;1907.43;
100015;2001;1001;current account; 2024-07-16 08:04;08:04:02;Di;2500.00;salary coolCompany;DE99 5949 7582 7646 2009 99;2443.56;
100014;2001;1001;current account; 2024-07-11 18:15;18:15:33;Do;-61.23;LIDDL lohnt sich supermarket;DE99 9553 6593 4218 6731 99;-56.44;
100013;2001;1001;current account; 2024-07-10 07:00;07:00:09;Mi;-185.86;ARMAZONE prime order;DE99 8371 2408 8183 387 99;4.79;
100012;2001;1001;current account; 2024-07-09 09:07;11:57:32;Di;-165.01;Night club MiCasa;DE99 7744 3727 2384 2049 99;190.65;
100011;2001;1001;current account; 2024-07-09 06:07;12:57:15;Di;-185.40;Restaurant hungry;DE99 9672 3582 2527 9956 99;355.65;
100010;2001;1001;current account; 2024-07-09 03:07;05:03:27;Di;52.13;MyPart of the Rent;DE99 611 1998 8486 9246 99;541.05;
100009;2001;1001;current account; 2024-07-09 00:07;10:36:29;Di;-90.55;supermarket depitpayment;DE99 9197 3001 1395 789 99;488.92;
100008;2001;1001;current account; 2024-07-08 21:07;21:07:18;Mo;-75.00;savings plan;;579.47;
100007;2001;1001;current account; 2024-07-05 07:36;07:36:42;Fr;-250.00;savings plan;;654.47;
100006;2001;1001;current account; 2024-07-04 10:51;10:51:40;Do;68.08;MyPart of the Rent;DE99 65 918 9239 467 99;904.47;
100005;2001;1001;current account; 2024-07-03 17:47;17:47:07;Mi;-70.80;Restaurant Two and a half burgers;DE99 3834 770 26 9251 99;836.39;
100004;2001;1001;current account; 2024-07-02 03:43;03:43:36;Di;-1200.00;monthly rent;DE99 9256 3953 2216 4744 99;907.19;
100003;2001;1001;current account; 2024-07-01 14:51;20:26:49;Mo;-42.40;Restaurant hungry;DE99 9528 7458 1708 6336 99;2107.19;
100002;2001;1001;current account; 2024-07-01 11:51;11:51:57;Mo;-307.54;ARMAZONE prime order;DE99 4081 8567 886 2769 99;2149.59;
100001;2001;1001;current account; 2024-06-30 00:00;;So;;;;2457.13;
100369;2002;1001;credit card; 2024-09-04 15:23;15:23:49;Mi;-4.40;snack'n'Coffee;;-655.11;
100368;2002;1001;credit card; 2024-09-03 12:51;12:51:52;Di;-21.93;goggle play in app purchase;;-650.71;
100367;2002;1001;credit card; 2024-09-02 20:56;20:56:19;Mo;-6.81;snack'n'Coffee;;-628.78;
100366;2002;1001;credit card; 2024-08-30 17:55;22:51:21;Fr;-58.43;Restaurant Two and a half burgers;;-621.98;
100365;2002;1001;credit card; 2024-08-30 14:55;13:44:45;Fr;-17.36;Nextslix streaming subscription;;-563.55;
100364;2002;1001;credit card; 2024-08-30 11:55;10:29:39;Fr;-30.66;Coders Coffeehouse;;-546.19;
100363;2002;1001;credit card; 2024-08-30 08:55;21:24:37;Fr;-53.09;supermarket depitpayment;;-515.53;
100362;2002;1001;credit card; 2024-08-30 05:55;15:24:41;Fr;-32.52;ALDii market;;-462.44;
100361;2002;1001;credit card; 2024-08-30 02:55;18:56:07;Fr;-40.68;ARMAZONE prime order;;-429.93;
100360;2002;1001;credit card; 2024-08-29 23:55;23:55:27;Do;-57.07;Restaurant hungry;;-389.24;
100359;2002;1001;credit card; 2024-08-28 20:33;20:33:42;Mi;-37.88;cinema xtraMovie;;-332.18;
100358;2002;1001;credit card; 2024-08-27 13:47;13:47:48;Di;-51.95;supermarket depitpayment;;-294.29;
100357;2002;1001;credit card; 2024-08-26 12:01;12:01:33;Mo;-64.09;LIDDL lohnt sich supermarket;;-242.34;
100356;2002;1001;credit card; 2024-08-22 22:01;22:01:01;Do;-38.23;Restaurant Two and a half burgers;;-178.25;
100355;2002;1001;credit card; 2024-08-20 05:05;22:31:40;Di;-32.66;snack'n'Coffee;;-140.02;
100354;2002;1001;credit card; 2024-08-20 02:05;13:16:46;Di;-38.09;LIDDL lohnt sich supermarket;;-107.36;
100353;2002;1001;credit card; 2024-08-19 23:05;05:29:03;Mo;-36.03;ARMAZONE prime order;;-69.27;
100352;2002;1001;credit card; 2024-08-19 20:05;20:05:35;Mo;-33.24;snack'n'Coffee;;-33.24;
100351;2002;1001;credit card; 2024-08-15 04:22;04:22:02;Do;904.20;MONTHLY BALANCING;;0;
100350;2002;1001;credit card; 2024-08-13 16:08;16:08:12;Di;-16.90;snack'n'Coffee;;-904.2;
100349;2002;1001;credit card; 2024-08-09 20:44;20:44:01;Fr;-37.53;house of the golden Burger;;-887.3;
100348;2002;1001;credit card; 2024-08-07 14:16;14:16:30;Mi;-15.20;snack'n'Coffee;;-849.77;
100347;2002;1001;credit card; 2024-08-06 13:39;13:39:12;Di;-11.10;Coders Coffeehouse;;-834.58;
100346;2002;1001;credit card; 2024-08-05 12:53;08:31:07;Mo;-50.00;LIDDL lohnt sich supermarket;;-823.47;
100345;2002;1001;credit card; 2024-08-05 09:53;05:26:32;Mo;-15.34;snack'n'Coffee;;-773.47;
100344;2002;1001;credit card; 2024-08-05 06:53;06:53:14;Mo;-11.15;snack'n'Coffee;;-758.13;
100343;2002;1001;credit card; 2024-08-02 10:47;10:47:24;Fr;-68.23;How I met your schnitzel;;-746.97;
100342;2002;1001;credit card; 2024-08-01 22:42;22:42:11;Do;-37.38;LIDDL lohnt sich supermarket;;-678.74;
100341;2002;1001;credit card; 2024-07-31 09:07;09:07:11;Mi;-27.26;snack'n'Coffee;;-641.36;
100340;2002;1001;credit card; 2024-07-30 14:20;13:38:48;Di;-53.79;ARMAZONE prime order;;-614.1;
100339;2002;1001;credit card; 2024-07-30 11:20;23:43:19;Di;-58.51;ARMAZONE prime order;;-560.31;
100338;2002;1001;credit card; 2024-07-30 08:20;09:15:38;Di;-0.08;house to golden 'M';;-501.8;
100337;2002;1001;credit card; 2024-07-30 05:20;15:34:17;Di;-4.35;ALDii market;;-501.72;
100336;2002;1001;credit card; 2024-07-30 02:20;19:22:46;Di;-65.54;supermarket depitpayment;;-497.37;
100335;2002;1001;credit card; 2024-07-29 23:20;04:57:44;Mo;-21.27;snack'n'Coffee;;-431.83;
100334;2002;1001;credit card; 2024-07-29 20:20;05:03:50;Mo;-22.37;snack'n'Coffee;;-410.56;
100333;2002;1001;credit card; 2024-07-29 17:20;17:20:28;Mo;-61.70;ARMAZONE prime order;;-388.19;
100332;2002;1001;credit card; 2024-07-26 07:00;22:08:46;Fr;-15.22;goggle play in app purchase;;-326.5;
100331;2002;1001;credit card; 2024-07-26 04:00;03:34:50;Fr;-64.27;How I met your schnitzel;;-311.27;
100330;2002;1001;credit card; 2024-07-26 01:00;01:23:11;Fr;-41.43;cinema xtraMovie;;-247.01;
100329;2002;1001;credit card; 2024-07-25 22:00;20:07:26;Do;-56.33;ARMAZONE prime order;;-205.58;
100328;2002;1001;credit card; 2024-07-25 19:00;19:00:35;Do;-38.25;Restaurant Two and a half burgers;;-149.25;
100327;2002;1001;credit card; 2024-07-24 08:32;08:32:07;Mi;-7.82;Fast n Foodious;;-111;
100326;2002;1001;credit card; 2024-07-23 07:24;07:24:04;Di;-33.82;snack'n'Coffee;;-103.19;
100325;2002;1001;credit card; 2024-07-17 17:48;17:48:23;Mi;-69.36;ARMAZONE prime order;;-69.36;
100324;2002;1001;credit card; 2024-07-16 06:05;06:05:25;Di;536.13;MONTHLY BALANCING;;0;
100323;2002;1001;credit card; 2024-07-15 18:33;17:11:53;Mo;-38.51;ARMAZONE prime order;;-536.13;
100322;2002;1001;credit card; 2024-07-15 15:33;03:29:13;Mo;-26.59;Coders Coffeehouse;;-497.61;
100321;2002;1001;credit card; 2024-07-15 12:33;04:26:24;Mo;-36.00;Restaurant hungry;;-471.03;
100320;2002;1001;credit card; 2024-07-15 09:33;03:58:26;Mo;-36.40;Restaurant Two and a half burgers;;-435.03;
100319;2002;1001;credit card; 2024-07-15 06:33;06:33:39;Mo;-30.11;Fast n Food;;-398.63;
100318;2002;1001;credit card; 2024-07-12 16:38;16:38:19;Fr;-47.33;supermarket depitpayment;;-368.52;
100317;2002;1001;credit card; 2024-07-10 06:59;06:59:58;Mi;-43.88;supermarket depitpayment;;-321.19;
100316;2002;1001;credit card; 2024-07-09 19:16;19:16:11;Di;-15.78;Coders Coffeehouse;;-277.31;
100315;2002;1001;credit card; 2024-07-08 08:20;05:22:44;Mo;-46.16;ARMAZONE prime order;;-261.53;
100314;2002;1001;credit card; 2024-07-08 05:20;05:20:33;Mo;-58.49;Night club MiCasa;;-215.37;
100313;2002;1001;credit card; 2024-07-05 00:00;;Fr;;;;-156.88;
100479;2003;1001;savings account; 2024-09-05 12:00;12:00:00;Do;250.00;savings plan;;13197.26;
100478;2003;1001;savings account; 2024-08-05 12:00;12:00:00;Mo;250.00;savings plan;;12947.26;
100477;2003;1001;savings account; 2024-07-05 12:00;12:00:00;Fr;250.00;savings plan;;12697.26;
100482;2004;1001;savings account; 2024-09-05 12:00;12:00:00;Do;75.00;savings plan;;1550;
100481;2004;1001;savings account; 2024-08-05 12:00;12:00:00;Mo;75.00;savings plan;;1475;
100480;2004;1001;savings account; 2024-07-05 12:00;12:00:00;Fr;75.00;savings plan;;1400;
100126;2005;1002;current account; 2024-09-11 17:30;17:30:10;Mi;-136.42;ARMAZONE prime order;DE99 8275 2008 2255 3099 99;896.85;
100125;2005;1002;current account; 2024-09-10 04:28;04:28:19;Di;-69.52;Night club MiCasa;DE99 7608 730 9857 9901 99;1033.27;
100124;2005;1002;current account; 2024-09-09 08:41;08:41:28;Mo;-300.00;savings plan;;1102.79;
100123;2005;1002;current account; 2024-09-06 14:03;14:03:07;Fr;-1200.00;monthly rent;DE99 9830 7572 672 5548 99;1402.79;
100122;2005;1002;current account; 2024-09-05 09:22;22:25:02;Do;3.37;For the kebab yesterday;DE99 4303 1565 9510 6767 99;2602.79;
100121;2005;1002;current account; 2024-09-05 06:22;11:06:01;Do;57.25;moneyCollector: your friends reached your goal;DE99 5904 6830 4185 3083 99;2599.42;
100120;2005;1002;current account; 2024-09-05 03:22;21:24:37;Do;-18.39;Nextslix streaming subscription;DE99 979 9471 6560 1413 99;2542.17;
100119;2005;1002;current account; 2024-09-05 00:22;00:45:35;Do;-117.87;LIDDL lohnt sich supermarket;DE99 8991 7169 1154 7237 99;2560.56;
100118;2005;1002;current account; 2024-09-04 21:22;07:12:13;Mi;61.00;ticket reimbursement;DE99 7209 2473 7527 6135 99;2678.43;
100117;2005;1002;current account; 2024-09-04 18:22;03:49:55;Mi;-119.83;ARMAZONE prime order;DE99 8783 101 2326 4884 99;2617.44;
100116;2005;1002;current account; 2024-09-04 15:22;15:22:00;Mi;-4.42;Fast n Foodious;DE99 7356 7325 563 1807 99;2737.27;
100115;2005;1002;current account; 2024-09-03 02:49;02:49:09;Di;-78.68;supermarket depitpayment;DE99 5517 550 9734 2946 99;2741.68;
100114;2005;1002;current account; 2024-09-02 11:33;11:33:00;Mo;32.64;TaxiMoney - thanks;DE99 936 3087 1349 9677 99;2820.37;
100113;2005;1002;current account; 2024-08-30 22:32;22:32:59;Fr;-101.00;supermarket depitpayment;DE99 8506 1184 7848 6666 99;2787.73;
100112;2005;1002;current account; 2024-08-28 23:40;23:40:50;Mi;-21.58;goggle play in app purchase;DE99 2011 293 6259 4708 99;2888.72;
100111;2005;1002;current account; 2024-08-26 22:50;16:21:39;Mo;-72.78;Night club MiCasa;DE99 7938 4695 7014 7198 99;2910.3;
100110;2005;1002;current account; 2024-08-26 19:50;08:38:02;Mo;96.00;MyPart of the Rent;DE99 3854 2619 6617 3571 99;2983.08;
100109;2005;1002;current account; 2024-08-26 16:50;21:34:02;Mo;74.77;tax return;DE99 4275 117 8891 9751 99;2887.08;
100108;2005;1002;current account; 2024-08-26 13:50;13:50:48;Mo;-6.07;snack'n'Coffee;DE99 1252 4324 3085 358 99;2812.31;
100107;2005;1002;current account; 2024-08-22 18:09;18:09:59;Do;2500.00;salary coolCompany;DE99 4001 1946 149 5363 99;2818.38;
100106;2005;1002;current account; 2024-08-20 02:49;02:49:09;Di;-87.81;house of the golden Burger;DE99 1412 108 4931 5337 99;318.38;
100105;2005;1002;current account; 2024-08-16 09:24;09:24:47;Fr;14.46;ebayy's customer service;DE99 4044 1279 3747 2385 99;406.18;
100104;2005;1002;current account; 2024-08-14 18:01;18:01:28;Mi;-42.74;house of the golden Burger;DE99 4202 9768 2513 1820 99;391.72;
100103;2005;1002;current account; 2024-08-12 08:30;08:30:59;Mo;-1200.00;monthly rent;DE99 3978 589 6815 3785 99;434.46;
100102;2005;1002;current account; 2024-08-09 22:57;22:57:12;Fr;-54.15;supermarket depitpayment;DE99 1156 8727 1576 2140 99;1634.46;
100101;2005;1002;current account; 2024-08-08 10:18;10:18:08;Do;91.96;ticket reimbursement;DE99 9793 9680 503 865 99;1688.61;
100100;2005;1002;current account; 2024-08-07 14:05;03:07:55;Mi;46.40;MyPart of the Rent;DE99 6983 5092 436 2555 99;1596.65;
100099;2005;1002;current account; 2024-08-07 11:05;04:13:02;Mi;-38.67;house of the golden Burger;DE99 5835 9598 6921 8066 99;1550.25;
100098;2005;1002;current account; 2024-08-07 08:05;08:05:04;Mi;-300.00;savings plan;;1588.92;
100097;2005;1002;current account; 2024-08-06 04:57;04:57:47;Di;-36.25;Restaurant Two and a half burgers;DE99 7586 2860 8053 6138 99;1888.92;
100096;2005;1002;current account; 2024-08-05 16:58;16:58:00;Mo;28.10;Thank you for the coffee;DE99 5322 5985 8879 7036 99;1925.16;
100095;2005;1002;current account; 2024-08-02 05:41;05:41:17;Fr;-130.67;Restaurant Two and a half burgers;DE99 2220 3972 2637 6950 99;1897.06;
100094;2005;1002;current account; 2024-08-01 14:30;08:07:15;Do;-118.94;How I met your schnitzel;DE99 4922 7936 2758 2961 99;2027.73;
100093;2005;1002;current account; 2024-08-01 11:30;19:44:15;Do;21.54;Thank you for the coffee;DE99 1067 4418 7856 6431 99;2146.67;
100092;2005;1002;current account; 2024-08-01 08:30;17:37:48;Do;11.38;ebayy's customer service;DE99 2318 3908 4937 6839 99;2125.13;
100091;2005;1002;current account; 2024-08-01 05:30;06:03:42;Do;-179.61;Night club MiCasa;DE99 2158 5401 6038 1586 99;2113.74;
100090;2005;1002;current account; 2024-08-01 02:30;11:56:39;Do;17.12;ebayy's customer service;DE99 5677 3510 6621 794 99;2293.35;
100089;2005;1002;current account; 2024-07-31 23:30;00:50:14;Mi;32.07;TaxiMoney - thanks;DE99 481 823 4815 5024 99;2276.23;
100088;2005;1002;current account; 2024-07-31 20:30;22:35:40;Mi;-25.81;goggle play in app purchase;DE99 6494 5336 4305 916 99;2244.16;
100087;2005;1002;current account; 2024-07-31 17:30;17:30:11;Mi;-106.28;supermarket depitpayment;DE99 787 1052 5115 1841 99;2269.98;
100086;2005;1002;current account; 2024-07-30 10:45;20:05:08;Di;-33.88;house to golden 'M';DE99 6802 8120 591 3620 99;2376.25;
100085;2005;1002;current account; 2024-07-30 07:45;19:46:30;Di;-33.01;Papeterie pencil shop;DE99 9671 8749 8829 1307 99;2410.13;
100084;2005;1002;current account; 2024-07-30 04:45;18:11:54;Di;-5.22;goggle play in app purchase;DE99 1261 7006 2172 722 99;2443.14;
100083;2005;1002;current account; 2024-07-30 01:45;20:00:17;Di;-96.17;Night club MiCasa;DE99 6568 3187 121 5212 99;2448.37;
100082;2005;1002;current account; 2024-07-29 22:45;22:45:43;Mo;-77.22;cinema xtraMovie;DE99 9916 496 3818 5150 99;2544.53;
100081;2005;1002;current account; 2024-07-26 07:13;07:13:38;Fr;14.87;Museum ticket;DE99 6135 5554 2504 9168 99;2621.76;
100080;2005;1002;current account; 2024-07-25 11:52;11:52:59;Do;-105.97;cinema xtraMovie;DE99 4632 2197 5894 5063 99;2606.88;
100079;2005;1002;current account; 2024-07-22 10:41;10:41:10;Mo;2500.00;salary coolCompany;DE99 8693 6595 4421 7807 99;2712.85;
100078;2005;1002;current account; 2024-07-17 04:50;04:50:51;Mi;14.40;Thank you for the coffee;DE99 6611 4676 3957 5354 99;212.85;
100077;2005;1002;current account; 2024-07-16 01:34;01:34:29;Di;-125.09;ARMAZONE prime order;DE99 4920 2813 7556 4662 99;198.45;
100076;2005;1002;current account; 2024-07-15 17:47;23:44:53;Mo;-50.52;How I met your schnitzel;DE99 7043 426 8706 1788 99;323.54;
100075;2005;1002;current account; 2024-07-15 14:47;07:10:42;Mo;21.20;Museum ticket;DE99 8264 315 442 6375 99;374.06;
100074;2005;1002;current account; 2024-07-15 11:47;22:57:33;Mo;-17.00;goggle play in app purchase;DE99 4372 5516 3852 9668 99;352.86;
100073;2005;1002;current account; 2024-07-15 08:47;16:02:00;Mo;56.69;moneyCollector: your friends reached your goal;DE99 9425 1652 9600 8456 99;369.86;
100072;2005;1002;current account; 2024-07-15 05:47;05:47:24;Mo;61.68;ticket reimbursement;DE99 9396 794 8934 3277 99;313.17;
100071;2005;1002;current account; 2024-07-12 11:00;11:00:42;Fr;-105.47;Night club MiCasa;DE99 2475 3115 5101 2076 99;251.48;
100070;2005;1002;current account; 2024-07-11 07:37;07:37:13;Do;58.72;moneyCollector: your friends reached your goal;DE99 7658 6002 9683 2170 99;356.95;
100069;2005;1002;current account; 2024-07-10 07:17;07:17:53;Mi;-119.12;house of the golden Burger;DE99 8733 4549 7736 3965 99;298.23;
100068;2005;1002;current account; 2024-07-09 18:46;18:46:34;Di;207.95;monthly rent;DE99 9945 4210 5631 6893 99;417.36;
100067;2005;1002;current account; 2024-07-08 08:50;00:59:47;Mo;-300.00;savings plan;;209.41;
100066;2005;1002;current account; 2024-07-08 05:50;05:50:31;Mo;24.08;Thank you for the coffee;DE99 9040 633 2684 2216 99;509.41;
100065;2005;1002;current account; 2024-07-05 00:00;;Fr;;;;485.33;
100188;2006;1003;current account; 2024-09-11 08:52;08:52:19;Mi;156.24;moneyCollector: your friends reached your goal;DE99 8559 3619 8322 2236 99;-1810.51;
100187;2006;1003;current account; 2024-09-10 22:12;22:12:02;Di;-204.08;Restaurant Two and a half burgers;DE99 3921 7318 9484 2525 99;-1966.75;
100186;2006;1003;current account; 2024-09-09 04:41;04:41:48;Mo;-120.00;savings plan;;-1762.67;
100185;2006;1003;current account; 2024-09-06 07:25;07:25:32;Fr;-1200.00;monthly rent;DE99 1603 6098 9486 4384 99;-1642.67;
100184;2006;1003;current account; 2024-09-05 05:34;08:15:33;Do;-402.94;Bundesliga annual ticket;DE99 5455 408 7199 696 99;-442.67;
100183;2006;1003;current account; 2024-09-05 02:34;01:09:44;Do;-399.50;Electronics Media Market;DE99 7571 9072 8032 6618 99;-39.73;
100182;2006;1003;current account; 2024-09-04 23:34;19:55:31;Mi;129.49;tax return;DE99 1652 6569 5665 3719 99;359.77;
100181;2006;1003;current account; 2024-09-04 20:34;15:22:24;Mi;-9.37;Nextslix streaming subscription;DE99 2996 8453 8102 7553 99;230.28;
100180;2006;1003;current account; 2024-09-04 17:34;04:36:44;Mi;-406.41;Hotel MaMere Paris;DE99 1788 5350 9929 5719 99;239.65;
100179;2006;1003;current account; 2024-09-04 14:34;08:08:53;Mi;3.36;ebayy's customer service;DE99 4828 6381 5856 5937 99;646.06;
100178;2006;1003;current account; 2024-09-04 11:34;11:34:53;Mi;-290.22;ARMAZONE prime order;DE99 5027 8829 6502 2264 99;642.7;
100177;2006;1003;current account; 2024-09-03 13:18;13:18:34;Di;24.46;TaxiMoney - thanks;DE99 9924 7684 7399 5481 99;932.92;
100176;2006;1003;current account; 2024-09-02 17:54;17:54:35;Mo;-252.29;How I met your schnitzel;DE99 8398 2909 8945 948 99;908.46;
100175;2006;1003;current account; 2024-08-30 16:19;16:19:36;Fr;-304.04;Restaurant hungry;DE99 411 1579 3348 7904 99;1160.76;
100174;2006;1003;current account; 2024-08-28 06:06;06:06:26;Mi;-367.56;Electronics Media Market;DE99 3017 8500 1620 9650 99;1464.8;
100173;2006;1003;current account; 2024-08-26 20:34;11:26:56;Mo;-302.07;cinema xtraMovie;DE99 8566 325 7253 1936 99;1832.35;
100172;2006;1003;current account; 2024-08-26 17:34;13:36:04;Mo;-200.83;LIDDL lohnt sich supermarket;DE99 4474 3094 2331 4491 99;2134.43;
100171;2006;1003;current account; 2024-08-26 14:34;10:45:06;Mo;164.45;tax return;DE99 6634 6503 8202 4680 99;2335.26;
100170;2006;1003;current account; 2024-08-26 11:34;11:34:32;Mo;-192.48;Restaurant Two and a half burgers;DE99 5904 9768 4355 8962 99;2170.81;
100169;2006;1003;current account; 2024-08-22 00:18;00:18:39;Do;3255.25;salary coolCompany;DE99 9170 6224 3622 7690 99;2363.29;
100168;2006;1003;current account; 2024-08-20 06:38;06:38:26;Di;-427.71;MONTHLY BALANCING CREDIT CARD;;-891.96;
100167;2006;1003;current account; 2024-08-16 18:10;18:10:05;Fr;-418.66;Bundesliga annual ticket;DE99 8403 2653 4425 7084 99;-464.25;
100166;2006;1003;current account; 2024-08-14 13:15;13:15:57;Mi;-89.32;Restaurant Two and a half burgers;DE99 3130 8425 4363 5546 99;-45.59;
100165;2006;1003;current account; 2024-08-12 00:46;00:46:13;Mo;-1200.00;monthly rent;DE99 2269 3205 5026 695 99;43.73;
100164;2006;1003;current account; 2024-08-09 08:37;08:37:47;Fr;-368.55;Electronics Media Market;DE99 8528 3845 7957 751 99;1243.73;
100163;2006;1003;current account; 2024-08-08 08:46;08:46:10;Do;-500.73;Electronics Media Market;DE99 7855 2353 6525 3157 99;1612.28;
100162;2006;1003;current account; 2024-08-07 05:07;19:01:59;Mi;-235.94;cinema xtraMovie;DE99 8041 1019 4955 7081 99;2113.01;
100161;2006;1003;current account; 2024-08-07 02:07;15:54:39;Mi;-420.13;Bundesliga annual ticket;DE99 5493 5280 3398 4574 99;2348.95;
100160;2006;1003;current account; 2024-08-06 23:07;23:07:40;Di;-353.40;Electronics Media Market;DE99 4826 3306 5495 8913 99;2769.08;
100159;2006;1003;current account; 2024-08-05 04:50;04:50:41;Mo;-120.00;savings plan;;3122.48;
100158;2006;1003;current account; 2024-08-02 21:48;21:48:06;Fr;15.23;Thank you for the coffee;DE99 5497 755 7469 8004 99;3242.48;
100157;2006;1003;current account; 2024-08-01 06:34;06:34:45;Do;-17.37;snack'n'Coffee;DE99 7977 5414 9734 9009 99;3227.25;
100156;2006;1003;current account; 2024-07-31 13:19;11:02:57;Mi;-113.46;supermarket depitpayment;DE99 1796 8780 1206 5519 99;3244.62;
100155;2006;1003;current account; 2024-07-31 10:19;07:37:18;Mi;-150.72;How I met your schnitzel;DE99 231 4372 7752 5595 99;3358.08;
100154;2006;1003;current account; 2024-07-31 07:19;21:29:03;Mi;-45.95;supermarket depitpayment;DE99 5257 9088 6723 474 99;3508.8;
100153;2006;1003;current account; 2024-07-31 04:19;19:36:05;Mi;-176.23;Restaurant Two and a half burgers;DE99 5401 5057 405 5232 99;3554.74;
100152;2006;1003;current account; 2024-07-31 01:19;19:55:41;Mi;-191.84;LIDDL lohnt sich supermarket;DE99 7930 6997 684 6948 99;3730.97;
100151;2006;1003;current account; 2024-07-30 22:19;16:08:52;Di;-58.57;cinema xtraMovie;DE99 412 5903 6192 9645 99;3922.81;
100150;2006;1003;current account; 2024-07-30 19:19;02:55:40;Di;-180.97;LIDDL lohnt sich supermarket;DE99 3912 8712 1291 8650 99;3981.38;
100149;2006;1003;current account; 2024-07-30 16:19;16:19:50;Di;83.33;tax return;DE99 3744 362 2932 826 99;4162.35;
100148;2006;1003;current account; 2024-07-29 12:36;12:14:26;Mo;-219.42;ARMAZONE prime order;DE99 4353 3181 7481 6308 99;4079.01;
100147;2006;1003;current account; 2024-07-29 09:36;09:45:29;Mo;-10.89;snack'n'Coffee;DE99 486 7208 7121 7748 99;4298.43;
100146;2006;1003;current account; 2024-07-29 06:36;01:05:04;Mo;-371.93;Electronics Media Market;DE99 4569 7366 7694 349 99;4309.32;
100145;2006;1003;current account; 2024-07-29 03:36;10:18:13;Mo;-19.49;goggle play in app purchase;DE99 2475 9705 2671 691 99;4681.25;
100144;2006;1003;current account; 2024-07-29 00:36;00:36:41;Mo;-65.87;ARMAZONE prime order;DE99 712 1111 5212 5624 99;4700.74;
100143;2006;1003;current account; 2024-07-26 01:25;01:25:02;Fr;-394.27;Electronics Media Market;DE99 3250 5187 552 825 99;4766.62;
100142;2006;1003;current account; 2024-07-25 14:17;14:17:02;Do;-263.19;Restaurant Two and a half burgers;DE99 9386 1651 1139 2073 99;5160.88;
100141;2006;1003;current account; 2024-07-22 13:18;13:18:44;Mo;3255.25;salary coolCompany;DE99 7997 2804 1912 6000 99;5424.07;
100140;2006;1003;current account; 2024-07-17 02:06;02:06:46;Mi;-482.35;MONTHLY BALANCING CREDIT CARD;;2168.82;
100139;2006;1003;current account; 2024-07-16 22:41;22:41:47;Di;26.91;Museum ticket;DE99 4583 8958 2876 5728 99;2651.16;
100138;2006;1003;current account; 2024-07-15 13:57;01:23:41;Mo;-129.00;house of the golden Burger;DE99 9785 1395 5161 4989 99;2624.25;
100137;2006;1003;current account; 2024-07-15 10:57;13:58:08;Mo;11.26;ebayy's customer service;DE99 5913 7437 2340 8462 99;2753.25;
100136;2006;1003;current account; 2024-07-15 07:57;05:47:43;Mo;85.37;ticket reimbursement;DE99 8039 732 489 1620 99;2741.98;
100135;2006;1003;current account; 2024-07-15 04:57;05:13:38;Mo;11.81;For the kebab yesterday;DE99 9406 7870 5412 9508 99;2656.62;
100134;2006;1003;current account; 2024-07-15 01:57;01:57:33;Mo;-465.60;Bundesliga annual ticket;DE99 2402 585 8076 1265 99;2644.81;
100133;2006;1003;current account; 2024-07-12 16:06;16:06:10;Fr;-191.72;LIDDL lohnt sich supermarket;DE99 1553 6958 4016 2177 99;3110.41;
100132;2006;1003;current account; 2024-07-11 04:55;04:55:02;Do;43.51;moneyCollector: your friends reached your goal;DE99 3522 9481 3346 7565 99;3302.14;
100131;2006;1003;current account; 2024-07-10 05:06;05:06:50;Mi;-120.00;savings plan;;3258.63;
100130;2006;1003;current account; 2024-07-09 17:58;17:58:29;Di;-311.31;monthly rent;DE99 6680 8857 7719 4727 99;3378.63;
100129;2006;1003;current account; 2024-07-08 09:17;03:56:07;Mo;105.84;ticket reimbursement;DE99 3278 7796 9929 8457 99;3689.94;
100128;2006;1003;current account; 2024-07-08 06:17;06:17:17;Mo;18.00;For the kebab yesterday;DE99 6395 146 8119 8110 99;3584.1;
100127;2006;1003;current account; 2024-07-05 00:00;;Fr;;;;3566.1;
100408;2007;1003;credit card; 2024-08-28 09:00;09:00:34;Mi;-17.96;snack'n'Coffee;;-537.13;
100407;2007;1003;credit card; 2024-08-27 13:43;13:43:46;Di;-9.43;snack'n'Coffee;;-519.17;
100406;2007;1003;credit card; 2024-08-26 10:04;10:04:13;Mo;-44.75;ARMAZONE prime order;;-509.74;
100405;2007;1003;credit card; 2024-08-24 02:42;00:50:21;Sa;-54.50;Night club MiCasa;;-464.99;
100404;2007;1003;credit card; 2024-08-23 23:42;17:06:32;Fr;-16.21;Coders Coffeehouse;;-410.49;
100403;2007;1003;credit card; 2024-08-23 20:42;20:42:25;Fr;-58.59;Restaurant hungry;;-394.28;
100402;2007;1003;credit card; 2024-08-22 18:51;18:51:41;Do;-53.17;How I met your schnitzel;;-335.69;
100401;2007;1003;credit card; 2024-08-21 01:09;01:09:27;Mi;-7.90;Fast n Food;;-282.52;
100400;2007;1003;credit card; 2024-08-20 05:14;05:14:38;Di;-24.25;goggle play in app purchase;;-274.62;
100399;2007;1003;credit card; 2024-08-16 11:01;11:01:27;Fr;-63.61;house of the golden Burger;;-250.37;
100398;2007;1003;credit card; 2024-08-14 07:50;13:17:01;Mi;-55.82;LIDDL lohnt sich supermarket;;-186.75;
100397;2007;1003;credit card; 2024-08-14 04:50;04:24:09;Mi;-22.03;Nextslix streaming subscription;;-130.93;
100396;2007;1003;credit card; 2024-08-14 01:50;12:00:36;Mi;-67.77;Night club MiCasa;;-108.91;
100395;2007;1003;credit card; 2024-08-13 22:50;22:50:13;Di;-41.14;supermarket depitpayment;;-41.14;
100394;2007;1003;credit card; 2024-08-09 07:57;07:57:29;Fr;427.71;MONTHLY BALANCING;;0;
100393;2007;1003;credit card; 2024-08-07 22:44;22:44:50;Mi;-57.30;supermarket depitpayment;;-427.71;
100392;2007;1003;credit card; 2024-08-05 20:48;20:48:18;Mo;-4.08;Coders Coffeehouse;;-370.41;
100391;2007;1003;credit card; 2024-08-01 17:13;17:13:37;Do;-27.84;Fast n Food;;-366.33;
100390;2007;1003;credit card; 2024-07-31 11:50;11:50:08;Mi;-25.37;Nextslix streaming subscription;;-338.49;
100389;2007;1003;credit card; 2024-07-30 01:11;12:36:55;Di;-24.74;goggle play in app purchase;;-313.12;
100388;2007;1003;credit card; 2024-07-29 22:11;01:18:30;Mo;-33.32;Coders Coffeehouse;;-288.38;
100387;2007;1003;credit card; 2024-07-29 19:11;04:59:28;Mo;-61.55;Restaurant hungry;;-255.06;
100386;2007;1003;credit card; 2024-07-29 16:11;08:59:41;Mo;-44.66;Restaurant hungry;;-193.51;
100385;2007;1003;credit card; 2024-07-29 13:11;13:11:25;Mo;-15.45;Fast n Food;;-148.85;
100384;2007;1003;credit card; 2024-07-25 09:30;09:30:57;Do;-66.72;ARMAZONE prime order;;-133.4;
100383;2007;1003;credit card; 2024-07-23 06:36;06:36:43;Di;-11.15;goggle play in app purchase;;-66.68;
100382;2007;1003;credit card; 2024-07-17 15:41;15:41:03;Mi;-55.53;Night club MiCasa;;-55.53;
100381;2007;1003;credit card; 2024-07-16 02:33;02:33:19;Di;482.35;MONTHLY BALANCING;;0;
100380;2007;1003;credit card; 2024-07-15 16:23;05:28:27;Mo;-28.46;Fast n Foodious;;-482.35;
100379;2007;1003;credit card; 2024-07-15 13:23;22:46:43;Mo;-32.95;goggle play in app purchase;;-453.89;
100378;2007;1003;credit card; 2024-07-15 10:23;17:07:44;Mo;-55.54;supermarket depitpayment;;-420.93;
100377;2007;1003;credit card; 2024-07-15 07:23;04:56:14;Mo;-40.97;LIDDL lohnt sich supermarket;;-365.39;
100376;2007;1003;credit card; 2024-07-15 04:23;04:23:42;Mo;-68.30;supermarket depitpayment;;-324.42;
100375;2007;1003;credit card; 2024-07-12 13:22;13:22:47;Fr;-9.77;ALDii market;;-256.13;
100374;2007;1003;credit card; 2024-07-10 22:26;22:26:54;Mi;-48.49;How I met your schnitzel;;-246.36;
100373;2007;1003;credit card; 2024-07-09 10:48;10:48:30;Di;-24.54;Coders Coffeehouse;;-197.87;
100372;2007;1003;credit card; 2024-07-08 18:15;03:22:00;Mo;-55.72;ARMAZONE prime order;;-173.33;
100371;2007;1003;credit card; 2024-07-08 15:15;15:15:29;Mo;-61.17;LIDDL lohnt sich supermarket;;-117.61;
100370;2007;1003;credit card; 2024-07-05 00:00;;Fr;;;;-56.44;
100250;2008;1004;current account; 2024-09-12 22:27;22:27:58;Do;136.48;moneyCollector: your friends reached your goal;DE99 8727 4874 6369 3539 99;1868.34;
100249;2008;1004;current account; 2024-09-11 12:15;12:15:12;Mi;-319.78;ARMAZONE prime order;DE99 3901 2711 918 5043 99;1731.86;
100248;2008;1004;current account; 2024-09-10 04:15;04:15:15;Di;147.90;tax return;DE99 7224 370 4288 9707 99;2051.64;
100247;2008;1004;current account; 2024-09-09 23:36;23:36:42;Mo;-1200.00;monthly rent;DE99 8700 6355 1780 2434 99;1903.74;
100246;2008;1004;current account; 2024-09-06 01:41;12:07:25;Fr;-69.06;LIDDL lohnt sich supermarket;DE99 8298 4035 3256 5293 99;3103.74;
100245;2008;1004;current account; 2024-09-05 22:41;14:06:33;Do;-180.56;supermarket depitpayment;DE99 1482 3770 1547 7913 99;3172.8;
100244;2008;1004;current account; 2024-09-05 19:41;07:59:30;Do;268.99;tax return;DE99 4258 2801 4822 7371 99;3353.36;
100243;2008;1004;current account; 2024-09-05 16:41;21:47:42;Do;-397.24;Electronics Media Market;DE99 6591 5959 5414 4021 99;3084.37;
100242;2008;1004;current account; 2024-09-05 13:41;12:01:04;Do;246.74;MyPart of the Rent;DE99 9333 3000 7982 1482 99;3481.6;
100241;2008;1004;current account; 2024-09-05 10:41;13:37:54;Do;115.76;tax return;DE99 875 991 3505 8308 99;3234.86;
100240;2008;1004;current account; 2024-09-05 07:41;07:41:38;Do;164.20;tax return;DE99 2841 4013 8925 5898 99;3119.1;
100239;2008;1004;current account; 2024-09-04 22:36;22:36:47;Mi;14.42;TaxiMoney - thanks;DE99 1003 5760 7616 433 99;2954.9;
100238;2008;1004;current account; 2024-09-03 10:10;10:10:23;Di;244.87;ticket reimbursement;DE99 4721 6167 7744 7436 99;2940.48;
100237;2008;1004;current account; 2024-09-02 19:57;19:57:46;Mo;149.01;MyPart of the Rent;DE99 5732 5470 8246 4046 99;2695.6;
100236;2008;1004;current account; 2024-08-29 16:02;16:02:52;Do;-191.28;ARMAZONE prime order;DE99 8260 6213 8687 5824 99;2546.59;
100235;2008;1004;current account; 2024-08-27 07:18;02:53:28;Di;-122.71;LIDDL lohnt sich supermarket;DE99 8334 2358 5086 4606 99;2737.87;
100234;2008;1004;current account; 2024-08-27 04:18;11:40:20;Di;-65.59;Night club MiCasa;DE99 866 6951 844 347 99;2860.58;
100233;2008;1004;current account; 2024-08-27 01:18;21:18:17;Di;-125.92;supermarket depitpayment;DE99 2764 4423 4397 3614 99;2926.17;
100232;2008;1004;current account; 2024-08-26 22:18;22:18:13;Mo;-169.19;supermarket depitpayment;DE99 5061 8243 2884 4469 99;3052.09;
100231;2008;1004;current account; 2024-08-22 05:58;05:58:06;Do;2500.00;salary coolCompany;DE99 8047 3749 763 7160 99;3221.28;
100230;2008;1004;current account; 2024-08-20 20:35;20:35:08;Di;-262.70;MONTHLY BALANCING CREDIT CARD;;721.28;
100229;2008;1004;current account; 2024-08-16 15:16;15:16:48;Fr;238.69;tax return;DE99 1144 9133 5566 3960 99;983.98;
100228;2008;1004;current account; 2024-08-14 20:21;20:21:06;Mi;-320.41;ARMAZONE prime order;DE99 4641 8131 1452 8249 99;745.29;
100227;2008;1004;current account; 2024-08-12 16:27;16:27:14;Mo;-1200.00;monthly rent;DE99 566 2276 9294 2081 99;1065.7;
100226;2008;1004;current account; 2024-08-09 13:50;13:50:12;Fr;190.64;ticket reimbursement;DE99 6914 2982 2227 1668 99;2265.7;
100225;2008;1004;current account; 2024-08-08 15:08;15:08:04;Do;233.86;ticket reimbursement;DE99 3521 7602 4113 1350 99;2075.06;
100224;2008;1004;current account; 2024-08-07 07:02;20:57:40;Mi;-160.26;Night club MiCasa;DE99 8327 2203 2883 9872 99;1841.2;
100223;2008;1004;current account; 2024-08-07 04:02;16:50:32;Mi;75.60;moneyCollector: your friends reached your goal;DE99 5350 6158 9254 6893 99;2001.46;
100222;2008;1004;current account; 2024-08-07 01:02;01:02:24;Mi;-332.70;Electronics Media Market;DE99 8993 845 9246 8644 99;1925.86;
100221;2008;1004;current account; 2024-08-06 12:28;12:28:00;Di;166.03;MyPart of the Rent;DE99 7290 8050 8324 7820 99;2258.56;
100220;2008;1004;current account; 2024-08-05 16:41;16:41:56;Mo;178.80;ticket reimbursement;DE99 4022 145 7309 3704 99;2092.53;
100219;2008;1004;current account; 2024-08-02 09:21;09:21:47;Fr;327.31;MyPart of the Rent;DE99 2723 4325 6016 4600 99;1913.73;
100218;2008;1004;current account; 2024-08-01 04:02;22:48:14;Do;-336.09;DIY store;DE99 6998 3840 6582 7127 99;1586.42;
100217;2008;1004;current account; 2024-08-01 01:02;14:18:56;Do;-0.22;Fast n Foodious;DE99 9045 2505 4422 3492 99;1922.51;
100216;2008;1004;current account; 2024-07-31 22:02;19:33:06;Mi;91.91;ticket reimbursement;DE99 1944 8353 820 2819 99;1922.73;
100215;2008;1004;current account; 2024-07-31 19:02;13:55:53;Mi;216.26;ticket reimbursement;DE99 2549 1575 5808 4145 99;1830.82;
100214;2008;1004;current account; 2024-07-31 16:02;06:26:01;Mi;-157.33;house of the golden Burger;DE99 9812 2221 592 2710 99;1614.56;
100213;2008;1004;current account; 2024-07-31 13:02;23:41:18;Mi;-291.20;Restaurant Two and a half burgers;DE99 498 7654 6466 6737 99;1771.89;
100212;2008;1004;current account; 2024-07-31 10:02;22:39:04;Mi;-141.88;supermarket depitpayment;DE99 4179 8492 3030 6802 99;2063.08;
100211;2008;1004;current account; 2024-07-31 07:02;07:02:48;Mi;-259.79;LIDDL lohnt sich supermarket;DE99 1687 7154 852 402 99;2204.96;
100210;2008;1004;current account; 2024-07-30 10:55;07:54:48;Di;305.66;moneyCollector: your friends reached your goal;DE99 3008 7742 5828 1154 99;2464.76;
100209;2008;1004;current account; 2024-07-30 07:55;10:23:05;Di;238.26;moneyCollector: your friends reached your goal;DE99 267 899 2997 1091 99;2159.1;
100208;2008;1004;current account; 2024-07-30 04:55;12:17:15;Di;-331.27;Hotel MaMere Paris;DE99 5496 511 7170 4436 99;1920.84;
100207;2008;1004;current account; 2024-07-30 01:55;08:36:54;Di;33.45;ebayy's customer service;DE99 1305 2773 9368 7482 99;2252.11;
100206;2008;1004;current account; 2024-07-29 22:55;22:55:58;Mo;306.98;moneyCollector: your friends reached your goal;DE99 868 2433 7033 2815 99;2218.67;
100205;2008;1004;current account; 2024-07-26 15:50;15:50:32;Fr;252.25;MyPart of the Rent;DE99 1163 1758 2018 2677 99;1911.69;
100204;2008;1004;current account; 2024-07-25 12:43;12:43:35;Do;-266.09;supermarket depitpayment;DE99 8461 1234 1125 4624 99;1659.44;
100203;2008;1004;current account; 2024-07-22 04:56;04:56:46;Mo;2500.00;salary coolCompany;DE99 8948 2072 7060 6122 99;1925.52;
100202;2008;1004;current account; 2024-07-17 17:30;17:30:19;Mi;-353.51;MONTHLY BALANCING CREDIT CARD;;-574.48;
100201;2008;1004;current account; 2024-07-16 03:31;03:31:31;Di;-128.39;How I met your schnitzel;DE99 1659 9590 8795 1486 99;-220.97;
100200;2008;1004;current account; 2024-07-15 23:59;09:06:04;Mo;-279.15;supermarket depitpayment;DE99 7555 8229 1431 1752 99;-92.58;
100199;2008;1004;current account; 2024-07-15 20:59;16:57:54;Mo;-318.97;Restaurant Two and a half burgers;DE99 9948 9677 1982 2471 99;186.57;
100198;2008;1004;current account; 2024-07-15 17:59;19:37:07;Mo;-365.73;Apples Stores say thank you;DE99 5277 5304 2136 3561 99;505.54;
100197;2008;1004;current account; 2024-07-15 14:59;14:14:36;Mo;65.15;moneyCollector: your friends reached your goal;DE99 1562 4260 6377 5385 99;871.26;
100196;2008;1004;current account; 2024-07-15 11:59;11:59:56;Mo;-252.47;Restaurant hungry;DE99 909 741 1530 9035 99;806.11;
100195;2008;1004;current account; 2024-07-12 22:12;22:12:13;Fr;-14.07;snack'n'Coffee;DE99 1778 6066 6944 4605 99;1058.59;
100194;2008;1004;current account; 2024-07-11 06:17;06:17:03;Do;-254.30;supermarket depitpayment;DE99 4533 2213 2147 5495 99;1072.65;
100193;2008;1004;current account; 2024-07-10 03:15;03:15:03;Mi;-96.07;Restaurant Two and a half burgers;DE99 4600 1813 3642 5645 99;1326.95;
100192;2008;1004;current account; 2024-07-09 18:59;18:59:59;Di;154.61;monthly rent;DE99 2267 9029 2348 1610 99;1423.02;
100191;2008;1004;current account; 2024-07-08 23:54;00:18:28;Mo;-149.64;ARMAZONE prime order;DE99 9806 6694 780 5886 99;1268.42;
100190;2008;1004;current account; 2024-07-08 20:54;20:54:30;Mo;173.25;moneyCollector: your friends reached your goal;DE99 3134 8695 2385 6342 99;1418.06;
100189;2008;1004;current account; 2024-07-05 00:00;;Fr;;;;1244.81;
100442;2009;1004;credit card; 2024-08-16 00:17;00:17:17;Fr;-34.52;Coders Coffeehouse;;-542.57;
100441;2009;1004;credit card; 2024-08-15 19:57;19:57:40;Do;-1.43;goggle play in app purchase;;-508.05;
100440;2009;1004;credit card; 2024-08-14 13:27;13:27:57;Mi;-41.09;ARMAZONE prime order;;-506.62;
100439;2009;1004;credit card; 2024-08-13 03:53;20:45:47;Di;-20.52;snack'n'Coffee;;-465.54;
100438;2009;1004;credit card; 2024-08-13 00:53;08:29:23;Di;-37.57;cinema xtraMovie;;-445.02;
100437;2009;1004;credit card; 2024-08-12 21:53;21:53:12;Mo;-69.00;Restaurant hungry;;-407.45;
100436;2009;1004;credit card; 2024-08-09 21:10;21:10:11;Fr;-35.30;Night club MiCasa;;-338.45;
100435;2009;1004;credit card; 2024-08-08 15:07;15:07:26;Do;-19.14;Fast n Foodious;;-303.15;
100434;2009;1004;credit card; 2024-08-07 10:21;10:21:59;Mi;-69.91;How I met your schnitzel;;-284.01;
100433;2009;1004;credit card; 2024-08-05 20:20;20:20:03;Mo;-54.99;Night club MiCasa;;-214.11;
100432;2009;1004;credit card; 2024-08-01 16:42;03:14:07;Do;-60.88;cinema xtraMovie;;-159.11;
100431;2009;1004;credit card; 2024-08-01 13:42;01:05:00;Do;-57.80;Restaurant Two and a half burgers;;-98.23;
100430;2009;1004;credit card; 2024-08-01 10:42;23:34:12;Do;-15.42;goggle play in app purchase;;-40.43;
100429;2009;1004;credit card; 2024-08-01 07:42;07:42:06;Do;-25.01;Coders Coffeehouse;;-25.01;
100428;2009;1004;credit card; 2024-07-30 18:42;18:42:18;Di;262.70;MONTHLY BALANCING;;0;
100427;2009;1004;credit card; 2024-07-26 01:50;01:50:35;Fr;-10.97;goggle play in app purchase;;-262.7;
100426;2009;1004;credit card; 2024-07-24 12:56;22:03:18;Mi;-48.16;supermarket depitpayment;;-251.73;
100425;2009;1004;credit card; 2024-07-24 09:56;14:06:13;Mi;-10.43;snack'n'Coffee;;-203.57;
100424;2009;1004;credit card; 2024-07-24 06:56;05:23:51;Mi;-64.24;house of the golden Burger;;-193.13;
100423;2009;1004;credit card; 2024-07-24 03:56;14:50:06;Mi;-9.66;snack'n'Coffee;;-128.89;
100422;2009;1004;credit card; 2024-07-24 00:56;00:56:14;Mi;-20.67;Coders Coffeehouse;;-119.23;
100421;2009;1004;credit card; 2024-07-23 05:23;05:23:57;Di;-12.30;goggle play in app purchase;;-98.56;
100420;2009;1004;credit card; 2024-07-22 10:26;10:26:29;Mo;-18.44;ALDii market;;-86.26;
100419;2009;1004;credit card; 2024-07-16 17:21;17:21:58;Di;-67.83;supermarket depitpayment;;-67.83;
100418;2009;1004;credit card; 2024-07-15 15:10;15:10:18;Mo;353.51;MONTHLY BALANCING;;0;
100417;2009;1004;credit card; 2024-07-12 10:47;10:45:48;Fr;-4.73;snack'n'Coffee;;-353.51;
100416;2009;1004;credit card; 2024-07-12 07:47;18:27:52;Fr;-18.37;goggle play in app purchase;;-348.78;
100415;2009;1004;credit card; 2024-07-12 04:47;21:59:07;Fr;-2.67;snack'n'Coffee;;-330.4;
100414;2009;1004;credit card; 2024-07-12 01:47;06:15:57;Fr;-21.83;Papeterie pencil shop;;-327.73;
100413;2009;1004;credit card; 2024-07-11 22:47;22:47:36;Do;-41.37;ARMAZONE prime order;;-305.9;
100412;2009;1004;credit card; 2024-07-10 17:48;17:48:48;Mi;-60.17;ARMAZONE prime order;;-264.53;
100411;2009;1004;credit card; 2024-07-09 01:24;10:33:55;Di;-28.39;snack'n'Coffee;;-204.36;
100410;2009;1004;credit card; 2024-07-08 22:24;22:24:45;Mo;-119.53;supermarket depitpayment;;-175.97;
100409;2009;1004;credit card; 2024-07-05 00:00;;Fr;;;;-56.44;
100485;2010;1004;savings account; 2024-09-05 12:00;12:00:00;Do;300.00;savings plan;;5200;
100484;2010;1004;savings account; 2024-08-05 12:00;12:00:00;Mo;300.00;savings plan;;4900;
100483;2010;1004;savings account; 2024-07-05 12:00;12:00:00;Fr;300.00;savings plan;;4600;
100312;2011;1005;current account; 2024-09-16 05:07;05:07:27;Mo;43.18;tax return;DE99 4782 171 2214 1447 99;2776.64;
100311;2011;1005;current account; 2024-09-13 05:41;05:41:48;Fr;-45.99;LIDDL lohnt sich supermarket;DE99 5260 6209 3188 787 99;2733.46;
100310;2011;1005;current account; 2024-09-12 12:43;12:43:27;Do;24.08;For the kebab yesterday;DE99 8471 670 4981 5571 99;2779.45;
100309;2011;1005;current account; 2024-09-11 14:14;14:14:39;Mi;-1200.00;monthly rent;DE99 3550 1965 9833 3329 99;2755.37;
100308;2011;1005;current account; 2024-09-10 08:15;07:55:44;Di;86.92;MyPart of the Rent;DE99 2529 2477 9519 6128 99;3955.37;
100307;2011;1005;current account; 2024-09-10 05:15;22:52:45;Di;-278.21;house of the golden Burger;DE99 2209 1218 420 4799 99;3868.44;
100306;2011;1005;current account; 2024-09-10 02:15;06:22:14;Di;220.12;ticket reimbursement;DE99 6125 7729 3964 5237 99;4146.66;
100305;2011;1005;current account; 2024-09-09 23:15;11:20:36;Mo;-493.58;Electronics Media Market;DE99 3780 344 1668 2372 99;3926.54;
100304;2011;1005;current account; 2024-09-09 20:15;02:04:27;Mo;-301.58;ARMAZONE prime order;DE99 8246 6018 3205 4765 99;4420.12;
100303;2011;1005;current account; 2024-09-09 17:15;13:10:08;Mo;-111.95;ARMAZONE prime order;DE99 5850 5710 5813 3147 99;4721.7;
100302;2011;1005;current account; 2024-09-09 14:15;14:15:17;Mo;-290.36;ARMAZONE prime order;DE99 9492 3775 7353 8847 99;4833.64;
100301;2011;1005;current account; 2024-09-06 19:00;19:00:38;Fr;100.37;MyPart of the Rent;DE99 4078 4437 8971 3388 99;5124.01;
100300;2011;1005;current account; 2024-09-05 18:23;18:23:34;Do;-31.29;goggle play in app purchase;DE99 2107 7884 8164 8086 99;5023.64;
100299;2011;1005;current account; 2024-09-04 02:48;02:48:56;Mi;77.03;moneyCollector: your friends reached your goal;DE99 9688 1309 6901 2267 99;5054.93;
100298;2011;1005;current account; 2024-09-02 16:27;16:27:59;Mo;-128.67;supermarket depitpayment;DE99 3300 1912 758 1494 99;4977.89;
100297;2011;1005;current account; 2024-08-29 01:43;22:04:01;Do;-261.13;LIDDL lohnt sich supermarket;DE99 6400 7240 1861 1197 99;5106.56;
100296;2011;1005;current account; 2024-08-28 22:43;14:43:23;Mi;-458.28;Apples Stores say thank you;DE99 6330 6725 3175 5296 99;5367.7;
100295;2011;1005;current account; 2024-08-28 19:43;14:59:44;Mi;34.89;TaxiMoney - thanks;DE99 2410 9431 1367 1662 99;5825.97;
100294;2011;1005;current account; 2024-08-28 16:43;16:43:50;Mi;-366.00;DIY store;DE99 7072 1421 8584 7338 99;5791.09;
100293;2011;1005;current account; 2024-08-26 10:13;10:13:20;Mo;1956.22;salary coolCompany;DE99 214 5164 5312 6960 99;6157.09;
100292;2011;1005;current account; 2024-08-22 15:47;15:47:45;Do;-296.42;supermarket depitpayment;DE99 8005 2300 8439 4650 99;4200.87;
100291;2011;1005;current account; 2024-08-20 23:57;23:57:06;Di;-452.26;MONTHLY BALANCING CREDIT CARD;;4497.28;
100290;2011;1005;current account; 2024-08-16 06:33;06:33:10;Fr;-2.53;goggle play in app purchase;DE99 379 9375 3282 3743 99;4949.55;
100289;2011;1005;current account; 2024-08-14 03:00;03:00:43;Mi;-1200.00;monthly rent;DE99 6703 9120 3471 7415 99;4952.08;
100288;2011;1005;current account; 2024-08-13 19:01;19:01:22;Di;-127.33;cinema xtraMovie;DE99 1152 8218 2130 13 99;6152.08;
100287;2011;1005;current account; 2024-08-12 23:46;23:46:31;Mo;-84.44;house of the golden Burger;DE99 9716 1953 8476 334 99;6279.4;
100286;2011;1005;current account; 2024-08-09 01:22;04:14:32;Fr;-245.34;ARMAZONE prime order;DE99 5817 4874 421 8030 99;6363.84;
100285;2011;1005;current account; 2024-08-08 22:22;13:44:28;Do;-224.14;house of the golden Burger;DE99 6572 6460 1221 9240 99;6609.18;
100284;2011;1005;current account; 2024-08-08 19:22;19:22:12;Do;-210.16;Night club MiCasa;DE99 1977 6666 1100 2053 99;6833.32;
100283;2011;1005;current account; 2024-08-07 22:14;22:14:31;Mi;-282.19;Restaurant Two and a half burgers;DE99 6769 3107 8365 1462 99;7043.48;
100282;2011;1005;current account; 2024-08-06 00:55;00:55:33;Di;64.84;ticket reimbursement;DE99 8494 9758 2954 7073 99;7325.67;
100281;2011;1005;current account; 2024-08-05 22:02;22:02:48;Mo;57.72;ticket reimbursement;DE99 6492 2819 4752 4854 99;7260.83;
100280;2011;1005;current account; 2024-08-02 20:20;04:26:19;Fr;-270.00;supermarket depitpayment;DE99 9916 9719 6357 4901 99;7203.11;
100279;2011;1005;current account; 2024-08-02 17:20;12:46:10;Fr;-132.20;ARMAZONE prime order;DE99 4409 3762 565 5118 99;7473.12;
100278;2011;1005;current account; 2024-08-02 14:20;00:24:22;Fr;-142.47;LIDDL lohnt sich supermarket;DE99 5548 9526 7071 9367 99;7605.32;
100277;2011;1005;current account; 2024-08-02 11:20;06:08:20;Fr;-229.45;supermarket depitpayment;DE99 2596 1476 757 6052 99;7747.79;
100276;2011;1005;current account; 2024-08-02 08:20;14:27:03;Fr;-25.55;snack'n'Coffee;DE99 7627 9008 5514 483 99;7977.25;
100275;2011;1005;current account; 2024-08-02 05:20;07:13:42;Fr;-6.86;ALDii market;DE99 9405 267 928 4572 99;8002.8;
100274;2011;1005;current account; 2024-08-02 02:20;10:45:50;Fr;-272.30;cinema xtraMovie;DE99 8486 158 1959 9545 99;8009.65;
100273;2011;1005;current account; 2024-08-01 23:20;23:20:58;Do;-216.14;LIDDL lohnt sich supermarket;DE99 6727 1473 7596 5804 99;8281.96;
100272;2011;1005;current account; 2024-07-31 02:48;16:34:43;Mi;14.59;TaxiMoney - thanks;DE99 1512 8765 8840 631 99;8498.1;
100271;2011;1005;current account; 2024-07-30 23:48;11:36:54;Di;128.40;moneyCollector: your friends reached your goal;DE99 3688 2912 8928 3307 99;8483.5;
100270;2011;1005;current account; 2024-07-30 20:48;15:00:16;Di;119.72;MyPart of the Rent;DE99 9160 8440 4610 8823 99;8355.11;
100269;2011;1005;current account; 2024-07-30 17:48;05:50:44;Di;127.73;tax return;DE99 156 8087 8427 3388 99;8235.39;
100268;2011;1005;current account; 2024-07-30 14:48;14:48:46;Di;-279.22;LIDDL lohnt sich supermarket;DE99 1811 483 269 2817 99;8107.65;
100267;2011;1005;current account; 2024-07-29 10:27;10:27:02;Mo;122.31;ticket reimbursement;DE99 1620 8218 6633 3589 99;8386.87;
100266;2011;1005;current account; 2024-07-26 00:01;00:01:19;Fr;74.01;tax return;DE99 4916 7887 3908 9703 99;8264.56;
100265;2011;1005;current account; 2024-07-23 05:04;05:04:51;Di;1956.22;salary coolCompany;DE99 6356 7950 8956 7288 99;8190.55;
100264;2011;1005;current account; 2024-07-18 07:21;07:21:59;Do;-605.85;MONTHLY BALANCING CREDIT CARD;;6234.33;
100263;2011;1005;current account; 2024-07-17 11:51;11:51:25;Mi;42.88;MyPart of the Rent;DE99 5061 8552 1011 7611 99;6840.18;
100262;2011;1005;current account; 2024-07-16 18:23;08:16:51;Di;15.28;For the kebab yesterday;DE99 2558 1633 5827 5504 99;6797.3;
100261;2011;1005;current account; 2024-07-16 15:23;10:03:42;Di;15.05;Museum ticket;DE99 2929 2326 8133 1943 99;6782.02;
100260;2011;1005;current account; 2024-07-16 12:23;23:06:38;Di;-25.84;goggle play in app purchase;DE99 4252 686 6855 4694 99;6766.97;
100259;2011;1005;current account; 2024-07-16 09:23;04:53:27;Di;-101.09;ARMAZONE prime order;DE99 1988 9135 78 3173 99;6792.82;
100258;2011;1005;current account; 2024-07-16 06:23;06:23:54;Di;-86.11;house of the golden Burger;DE99 5054 8721 3347 8600 99;6893.91;
100257;2011;1005;current account; 2024-07-15 21:19;21:19:22;Mo;-34.80;Nextslix streaming subscription;DE99 8005 2490 6722 7089 99;6980.02;
100256;2011;1005;current account; 2024-07-12 04:35;04:35:38;Fr;-78.39;ARMAZONE prime order;DE99 2952 1877 6905 7007 99;7014.82;
100255;2011;1005;current account; 2024-07-11 03:43;03:43:15;Do;-88.65;How I met your schnitzel;DE99 3415 8956 1895 9648 99;7093.21;
100254;2011;1005;current account; 2024-07-10 21:46;21:46:51;Mi;257.14;monthly rent;DE99 3123 216 6276 9409 99;7181.86;
100253;2011;1005;current account; 2024-07-09 02:13;14:48:33;Di;-68.81;ARMAZONE prime order;DE99 6717 2935 6633 1175 99;6924.73;
100252;2011;1005;current account; 2024-07-08 23:13;23:13:45;Mo;140.42;moneyCollector: your friends reached your goal;DE99 7688 6132 7704 6439 99;6993.54;
100251;2011;1005;current account; 2024-07-05 00:00;;Fr;;;;6853.12;
100476;2012;1005;credit card; 2024-08-14 03:12;03:12:14;Mi;-4.30;Fast n Foodious;;-359.94;
100475;2012;1005;credit card; 2024-08-13 06:11;06:11:47;Di;-22.09;goggle play in app purchase;;-355.65;
100474;2012;1005;credit card; 2024-08-12 10:14;10:14:09;Mo;-10.29;snack'n'Coffee;;-333.55;
100473;2012;1005;credit card; 2024-08-09 15:23;01:15:48;Fr;-12.61;ALDii market;;-323.26;
100472;2012;1005;credit card; 2024-08-09 12:23;16:55:19;Fr;-14.68;goggle play in app purchase;;-310.65;
100471;2012;1005;credit card; 2024-08-09 09:23;09:23:59;Fr;-34.75;ALDii market;;-295.98;
100470;2012;1005;credit card; 2024-08-08 13:16;13:16:53;Do;-26.17;snack'n'Coffee;;-261.23;
100469;2012;1005;credit card; 2024-08-07 19:21;19:21:59;Mi;-5.05;Nextslix streaming subscription;;-235.06;
100468;2012;1005;credit card; 2024-08-06 04:09;04:09:27;Di;-26.58;Coders Coffeehouse;;-230.01;
100467;2012;1005;credit card; 2024-08-02 19:16;19:16:57;Fr;-23.59;snack'n'Coffee;;-203.44;
100466;2012;1005;credit card; 2024-07-31 22:35;21:46:25;Mi;-23.44;Coders Coffeehouse;;-179.85;
100465;2012;1005;credit card; 2024-07-31 19:35;00:06:38;Mi;-67.29;LIDDL lohnt sich supermarket;;-156.41;
100464;2012;1005;credit card; 2024-07-31 16:35;08:41:21;Mi;-67.62;Restaurant Two and a half burgers;;-89.12;
100463;2012;1005;credit card; 2024-07-31 13:35;13:35:38;Mi;-21.50;ALDii market;;-21.5;
100462;2012;1005;credit card; 2024-07-29 18:47;18:47:14;Mo;452.26;MONTHLY BALANCING;;0;
100461;2012;1005;credit card; 2024-07-25 00:16;00:16:25;Do;-38.62;Restaurant Two and a half burgers;;-452.26;
100460;2012;1005;credit card; 2024-07-23 19:57;23:01:51;Di;-70.53;ARMAZONE prime order;;-413.64;
100459;2012;1005;credit card; 2024-07-23 16:57;15:32:51;Di;-35.75;LIDDL lohnt sich supermarket;;-343.11;
100458;2012;1005;credit card; 2024-07-23 13:57;23:28:39;Di;-5.03;Papeterie pencil shop;;-307.36;
100457;2012;1005;credit card; 2024-07-23 10:57;14:33:22;Di;-80.07;supermarket depitpayment;;-302.33;
100456;2012;1005;credit card; 2024-07-23 07:57;07:57:14;Di;-25.92;Coders Coffeehouse;;-222.26;
100455;2012;1005;credit card; 2024-07-22 13:38;13:38:43;Mo;-86.41;How I met your schnitzel;;-196.34;
100454;2012;1005;credit card; 2024-07-19 07:19;07:19:22;Fr;-39.06;ARMAZONE prime order;;-109.92;
100453;2012;1005;credit card; 2024-07-15 07:25;07:25:36;Mo;-70.86;supermarket depitpayment;;-70.86;
100452;2012;1005;credit card; 2024-07-12 07:56;07:56:17;Fr;605.85;MONTHLY BALANCING;;0;
100451;2012;1005;credit card; 2024-07-11 08:51;05:06:48;Do;-94.15;supermarket depitpayment;;-605.85;
100450;2012;1005;credit card; 2024-07-11 05:51;09:36:48;Do;-62.69;supermarket depitpayment;;-511.7;
100449;2012;1005;credit card; 2024-07-11 02:51;17:23:14;Do;-72.07;How I met your schnitzel;;-449.01;
100448;2012;1005;credit card; 2024-07-10 23:51;23:19:42;Mi;-56.27;cinema xtraMovie;;-376.94;
100447;2012;1005;credit card; 2024-07-10 20:51;20:51:39;Mi;-36.81;Restaurant hungry;;-320.67;
100446;2012;1005;credit card; 2024-07-09 22:48;22:48:46;Di;-84.96;house of the golden Burger;;-283.86;
100445;2012;1005;credit card; 2024-07-08 16:52;19:34:20;Mo;-72.25;supermarket depitpayment;;-198.9;
100444;2012;1005;credit card; 2024-07-08 13:52;13:52:07;Mo;-70.20;ARMAZONE prime order;;-126.64;
100443;2012;1005;credit card; 2024-07-05 00:00;;Fr;;;;-56.44;
100488;2013;1005;savings account; 2024-09-05 12:00;12:00:00;Do;120.00;savings plan;;6945;
100487;2013;1005;savings account; 2024-08-05 12:00;12:00:00;Mo;120.00;savings plan;;6825;
100486;2013;1005;savings account; 2024-07-05 12:00;12:00:00;Fr;120.00;savings plan;;6705;
;